ts,bid,bidq,ask,askq,mid,spread_bp,qimb
1787022604791,0.01171,471564.0,0.01172,485352.0,0.011715,8.536064874092695,-0.01440878823219593
1787022605077,0.01171,470284.0,0.01172,485352.0,0.011715,8.536064874092695,-0.01576750980498851
1787022605298,0.01171,470284.0,0.01172,484499.0,0.011715,8.536064874092695,-0.014888199727058399
1787022605799,0.01171,471137.0,0.01172,484499.0,0.011715,8.536064874092695,-0.013982311256587237
1787022605862,0.01171,471137.0,0.01172,483651.0,0.011715,8.536064874092695,-0.013106574443750863
1787022605992,0.01171,472417.0,0.01172,483651.0,0.011715,8.536064874092695,-0.011750210236091994
1787022606295,0.01171,471564.0,0.01172,483651.0,0.011715,8.536064874092695,-0.012653695764827813
1787022606304,0.01171,471052.0,0.01172,483651.0,0.011715,8.536064874092695,-0.01319677428477757
1787022606797,0.01171,471052.0,0.01172,484504.0,0.011715,8.536064874092695,-0.014077667870852153
1787022606862,0.01171,471052.0,0.01172,486276.0,0.011715,8.536064874092695,-0.01590259555763542
1787022607418,0.01171,571052.0,0.01172,486276.0,0.011715,8.536064874092695,0.08017947127097741
1787022607444,0.01171,471052.0,0.01172,486276.0,0.011715,8.536064874092695,-0.01590259555763542
1787022607797,0.01171,471052.0,0.01172,485423.0,0.011715,8.536064874092695,-0.015024961446979795
1787022607862,0.01171,471052.0,0.01172,483651.0,0.011715,8.536064874092695,-0.01319677428477757
1787022608298,0.01171,471052.0,0.01172,484504.0,0.011715,8.536064874092695,-0.014077667870852153
1787022608447,0.01171,471052.0,0.01172,483904.0,0.011715,8.536064874092695,-0.01345821168724004
1787022608862,0.01171,471052.0,0.01172,485216.0,0.011715,8.536064874092695,-0.01481174733442926
1787022609081,0.01171,471052.0,0.01172,494748.0,0.011715,8.536064874092695,-0.024535100434872645
1787022609862,0.01171,471052.0,0.01172,493436.0,0.011715,8.536064874092695,-0.023208168479027215
1787022610256,0.01171,533113.0,0.01172,493436.0,0.011715,8.536064874092695,0.03865085836136414
1787022610258,0.01171,531704.0,0.01172,493436.0,0.011715,8.536064874092695,0.037329535478081044
1787022610259,0.01171,533113.0,0.01172,493436.0,0.011715,8.536064874092695,0.03865085836136414
1787022610798,0.01171,533113.0,0.01172,492583.0,0.011715,8.536064874092695,0.03951463201572396
1787022611249,0.01171,471052.0,0.01172,492583.0,0.011715,8.536064874092695,-0.022343522184229504
1787022611250,0.01171,362528.0,0.01172,554644.0,0.011715,8.536064874092695,-0.20946561822646134
1787022611251,0.01171,362528.0,0.01172,693178.0,0.011715,8.536064874092695,-0.313202728790023
1787022611799,0.01171,362528.0,0.01172,694031.0,0.011715,8.536064874092695,-0.3137572061758974
1787022611862,0.01171,362528.0,0.01172,695753.0,0.011715,8.536064874092695,-0.31487383785591916
1787022612172,0.01171,344800.0,0.01172,695753.0,0.011715,8.536064874092695,-0.3372754679482929
1787022612183,0.01171,170105.0,0.01172,695753.0,0.011715,8.536064874092695,-0.6070833785678483
1787022612293,0.01171,170105.0,0.01172,696753.0,0.011715,8.536064874092695,-0.607536643833246
1787022612298,0.01171,170105.0,0.01172,703496.0,0.011715,8.536064874092695,-0.6105659219712432
1787022612386,0.01171,163269.0,0.01172,703496.0,0.011715,8.536064874092695,-0.6232681291930339
1787022612396,0.01171,163269.0,0.01172,696753.0,0.011715,8.536064874092695,-0.6203143640511521
1787022612400,0.01171,163269.0,0.01172,697392.0,0.011715,8.536064874092695,-0.6205962626399941
1787022612596,0.01171,163269.0,0.01172,699063.0,0.011715,8.536064874092695,-0.6213314593451246
1787022612833,0.01171,163269.0,0.01172,702489.0,0.011715,8.536064874092695,-0.6228299363101467
1787022612838,0.01171,163269.0,0.01172,654864.0,0.011715,8.536064874092695,-0.6008741854930677
1787022612851,0.01171,163269.0,0.01172,683777.0,0.011715,8.536064874092695,-0.6144979139267525
1787022613284,0.01171,163269.0,0.01172,621716.0,0.011715,8.536064874092695,-0.5840200768167545
1787022613297,0.01171,264582.0,0.01172,621716.0,0.011715,8.536064874092695,-0.40295024923896927
1787022613298,0.01171,264582.0,0.01172,483182.0,0.011715,8.536064874092695,-0.2923382243595573
1787022613299,0.01171,442753.0,0.01172,481773.0,0.011715,8.536064874092695,-0.04220541120530953
1787022613300,0.01171,506223.0,0.01172,349806.0,0.011715,8.536064874092695,0.18272394977272965
1787022613301,0.01171,504814.0,0.01172,349806.0,0.011715,8.536064874092695,0.1813765182186235
1787022613505,0.01171,531954.0,0.01172,349806.0,0.011715,8.536064874092695,0.20657321720195973
1787022613577,0.01171,529408.0,0.01172,349806.0,0.011715,8.536064874092695,0.20427563710313984
1787022613598,0.01171,529408.0,0.01172,348135.0,0.011715,8.536064874092695,0.20656879491945124
1787022613799,0.01171,531377.0,0.01172,348135.0,0.011715,8.536064874092695,0.20834508227289678
1787022613834,0.01171,531377.0,0.01172,344709.0,0.011715,8.536064874092695,0.21307040632997218
1787022614331,0.01171,530097.0,0.01172,344709.0,0.011715,8.536064874092695,0.211918985466492
1787022614400,0.01171,530097.0,0.01172,344070.0,0.011715,8.536064874092695,0.21280487595619602
1787022615345,0.01171,532175.0,0.01172,344070.0,0.011715,8.536064874092695,0.21467169570154465
1787022615394,0.01171,534253.0,0.01172,344070.0,0.011715,8.536064874092695,0.2165296821328828
1787022615398,0.01171,534253.0,0.01172,344617.0,0.011715,8.536064874092695,0.2157725260846314
1787022616398,0.01171,534253.0,0.01172,344070.0,0.011715,8.536064874092695,0.2165296821328828
1787022616655,0.01171,536199.0,0.01172,344070.0,0.011715,8.536064874092695,0.21826169046052968
1787022617838,0.01171,534009.0,0.01172,344070.0,0.011715,8.536064874092695,0.21631197192963275
1787022617886,0.01171,540847.0,0.01172,344070.0,0.011715,8.536064874092695,0.2223677474836623
1787022618157,0.01171,540847.0,0.01172,462454.0,0.011715,8.536064874092695,0.07813507611374852
1787022618158,0.01171,439534.0,0.01172,462454.0,0.011715,8.536064874092695,-0.02541053761247378
1787022618161,0.01171,412394.0,0.01172,462454.0,0.011715,8.536064874092695,-0.05722136874062694
1787022618164,0.01171,408370.0,0.01172,462454.0,0.011715,8.536064874092695,-0.062106694349260014
1787022618165,0.01171,406292.0,0.01172,462454.0,0.011715,8.536064874092695,-0.06464720413101183
1787022619797,0.01171,406292.0,0.01172,461601.0,0.011715,8.536064874092695,-0.06372790194182923
1787022620145,0.01171,406292.0,0.01172,439398.0,0.011715,8.536064874092695,-0.039146732254135674
1787022620146,0.01171,406292.0,0.01172,281733.0,0.011715,8.536064874092695,0.18103847970640602
1787022620148,0.01171,563662.0,0.01172,281733.0,0.011715,8.536064874092695,0.33348789619053815
1787022620154,0.01171,563662.0,0.01172,121544.0,0.011715,8.536064874092695,0.6452336961439333
1787022620156,0.01171,563662.0,0.01172,67972.0,0.011715,8.536064874092695,0.784774093858152
1787022620157,0.01171,564153.0,0.01172,67972.0,0.011715,8.536064874092695,0.7849412695273877
1787022620173,0.01171,567696.0,0.01172,67972.0,0.011715,8.536064874092695,0.7861399346828848
1787022620297,0.01171,567696.0,0.01172,68825.0,0.011715,8.536064874092695,0.7837463335852234
1787022620407,0.01171,592001.0,0.01172,68825.0,0.011715,8.536064874092695,0.7917000844397769
1787022620862,0.01171,592001.0,0.01172,67103.0,0.011715,8.536064874092695,0.7963811477399622
1787022621267,0.01171,592001.0,0.01172,67530.0,0.011715,8.536064874092695,0.7952181171165571
1787022621557,0.01171,591510.0,0.01172,67530.0,0.011715,8.536064874092695,0.7950655498907502
1787022621870,0.01171,591510.0,0.01172,66955.0,0.011715,8.536064874092695,0.7966330784476017
1787022621871,0.01171,591510.0,0.01172,49675.0,0.011715,8.536064874092695,0.845052519943542
1787022621873,0.01171,587967.0,0.01172,49675.0,0.011715,8.536064874092695,0.8441915683094903
1787022622003,0.01171,589247.0,0.01172,49675.0,0.011715,8.536064874092695,0.8445037109381114
1787022622006,0.01171,637219.0,0.01172,2484.0,0.011715,8.536064874092695,0.9922338960423822
1787022622007,0.01172,134483.0,0.01173,1060923.0,0.011725,8.528784648188767,-0.775000292787555
1787022622008,0.01172,146428.0,0.01173,847067.0,0.011725,8.528784648188767,-0.7052264983719093
1787022622009,0.01172,146988.0,0.01173,768587.0,0.011725,8.528784648188767,-0.6789165278650029
1787022622010,0.01172,302136.0,0.01173,706526.0,0.011725,8.528784648188767,-0.4009172547394469
1787022622011,0.01172,302136.0,0.01173,705887.0,0.011725,8.528784648188767,-0.4005374877358949
1787022622012,0.01172,302136.0,0.01173,722937.0,0.011725,8.528784648188767,-0.4105083247729674
1787022622013,0.01172,308968.0,0.01173,722937.0,0.011725,8.528784648188767,-0.40116968131756314
1787022622019,0.01172,308968.0,0.01173,722285.0,0.011725,8.528784648188767,-0.40079107648656537
1787022622022,0.01172,308968.0,0.01173,718698.0,0.011725,8.528784648188767,-0.3986995774891842
1787022622023,0.01172,308968.0,0.01173,718246.0,0.011725,8.528784648188767,-0.39843499017731454
1787022622053,0.01172,311420.0,0.01173,718246.0,0.011725,8.528784648188767,-0.3951048203980708
1787022622062,0.01172,311420.0,0.01173,717727.0,0.011725,8.528784648188767,-0.39479977107254843
1787022622082,0.01172,311420.0,0.01173,775279.0,0.011725,8.528784648188767,-0.42685140963597096
1787022622106,0.01172,311420.0,0.01173,776687.0,0.011725,8.528784648188767,-0.42759305840326367
1787022622125,0.01172,312828.0,0.01173,776687.0,0.011725,8.528784648188767,-0.4257481539951263
1787022622127,0.01172,318901.0,0.01173,776687.0,0.011725,8.528784648188767,-0.4178450293358452
1787022622234,0.01172,318901.0,0.01173,676687.0,0.011725,8.528784648188767,-0.35937154726653997
1787022622827,0.01172,320415.0,0.01173,676687.0,0.011725,8.528784648188767,-0.35730747706854465
1787022622862,0.01172,320415.0,0.01173,678332.0,0.011725,8.528784648188767,-0.35836603263889655
1787022623126,0.01172,320415.0,0.01173,740393.0,0.011725,8.528784648188767,-0.39590387704466784
1787022623296,0.01172,320415.0,0.01173,741245.0,0.011725,8.528784648188767,-0.39638867434018427
1787022623399,0.01172,320415.0,0.01173,742886.0,0.011725,8.528784648188767,-0.3973202319945152
1787022623756,0.01172,321785.0,0.01173,742886.0,0.011725,8.528784648188767,-0.39552218478760104
1787022623801,0.01172,321785.0,0.01173,742034.0,0.011725,8.528784648188767,-0.39503806568598604
1787022623831,0.01172,321785.0,0.01173,745305.0,0.011725,8.528784648188767,-0.39689248329569204
1787022624279,0.01172,324047.0,0.01173,745305.0,0.011725,8.528784648188767,-0.39393763699885537
1787022624293,0.01172,324047.0,0.01173,746305.0,0.011725,8.528784648188767,-0.39450386414936395
1787022624530,0.01172,326499.0,0.01173,746305.0,0.011725,8.528784648188767,-0.39131658718647583
1787022624796,0.01172,326499.0,0.01173,747157.0,0.011725,8.528784648188767,-0.3917996080681336
1787022624928,0.01172,325195.0,0.01173,747157.0,0.011725,8.528784648188767,-0.3934920623078989
1787022625273,0.01172,327647.0,0.01173,747157.0,0.011725,8.528784648188767,-0.390313024514237
1787022626198,0.01172,327647.0,0.01173,753900.0,0.011725,8.528784648188767,-0.39411417164487533
1787022626352,0.01172,327647.0,0.01173,754348.0,0.011725,8.528784648188767,-0.39436503865544664
1787022626401,0.01172,327647.0,0.01173,747605.0,0.011725,8.528784648188767,-0.39056704846863805
1787022626959,0.01172,328101.0,0.01173,747605.0,0.011725,8.528784648188767,-0.3899801618657886
1787022627297,0.01172,328101.0,0.01173,746753.0,0.011725,8.528784648188767,-0.38949662000606594
1787022627369,0.01172,328101.0,0.01173,753533.0,0.011725,8.528784648188767,-0.3933234347293077
1787022628298,0.01172,328101.0,0.01173,754385.0,0.011725,8.528784648188767,-0.3938009359936295
1787022628304,0.01172,328101.0,0.01173,725472.0,0.011725,8.528784648188767,-0.3771651323638704
1787022628318,0.01172,328101.0,0.01173,732049.0,0.011725,8.528784648188767,-0.3810290996557091
1787022629706,0.01172,328101.0,0.01173,739029.0,0.011725,8.528784648188767,-0.3850777318602232
1787022630171,0.01172,328101.0,0.01173,756757.0,0.011725,8.528784648188767,-0.3951263667687384
1787022630399,0.01172,328101.0,0.01173,755116.0,0.011725,8.528784648188767,-0.3942100243995432
1787022630799,0.01172,328101.0,0.01173,754264.0,0.011725,8.528784648188767,-0.3937331676467735
1787022631119,0.01172,328613.0,0.01173,754264.0,0.011725,8.528784648188767,-0.3930741903281721
1787022631295,0.01172,328613.0,0.01173,755116.0,0.011725,8.528784648188767,-0.3935513398644864
1787022631796,0.01172,328613.0,0.01173,754264.0,0.011725,8.528784648188767,-0.3930741903281721
1787022633107,0.01172,328613.0,0.01173,754733.0,0.011725,8.528784648188767,-0.39333693944501574
1787022634422,0.01172,328613.0,0.01173,755202.0,0.011725,8.528784648188767,-0.3935994611626523
1787022635151,0.01172,332613.0,0.01173,755202.0,0.011725,8.528784648188767,-0.3884750623957199
1787022635785,0.01172,330971.0,0.01173,755202.0,0.011725,8.528784648188767,-0.3905740614064242
1787022636293,0.01172,330971.0,0.01173,756202.0,0.011725,8.528784648188767,-0.3911346216287564
1787022636401,0.01172,330971.0,0.01173,757603.0,0.011725,8.528784648188767,-0.3919182343138822
1787022637925,0.01172,330971.0,0.01173,759113.0,0.011725,8.528784648188767,-0.39276055790195985
1787022637926,0.01172,277399.0,0.01173,759113.0,0.011725,8.528784648188767,-0.46474522243833166
1787022637937,0.01172,117951.0,0.01173,759113.0,0.011725,8.528784648188767,-0.7310321709704195
1787022637938,0.01172,117951.0,0.01173,875138.0,0.011725,8.528784648188767,-0.7624563357362734
1787022638431,0.01172,119502.0,0.01173,875138.0,0.011725,8.528784648188767,-0.7597080350679642
1787022638922,0.01172,119502.0,0.01173,873628.0,0.011725,8.528784648188767,-0.7593426842407338
1787022638984,0.01172,121053.0,0.01173,873628.0,0.011725,8.528784648188767,-0.7565993519530382
1787022639618,0.01172,121053.0,0.01173,876005.0,0.011725,8.528784648188767,-0.7571796224492456
1787022639796,0.01172,121905.0,0.01173,876005.0,0.011725,8.528784648188767,-0.7556793698830556
1787022639864,0.01172,121905.0,0.01173,886933.0,0.011725,8.528784648188767,-0.7583259155582958
1787022639871,0.01172,103793.0,0.01173,886933.0,0.011725,8.528784648188767,-0.7904708264444458
1787022639872,0.01172,39843.0,0.01173,886933.0,0.011725,8.528784648188767,-0.914018058301035
1787022639873,0.01172,38435.0,0.01173,886933.0,0.011725,8.528784648188767,-0.916930345549014
1787022639875,0.01172,39843.0,0.01173,886933.0,0.011725,8.528784648188767,-0.914018058301035
1787022640297,0.01172,39843.0,0.01173,887381.0,0.011725,8.528784648188767,-0.9140596015633763
1787022640663,0.01172,41646.0,0.01173,887381.0,0.011725,8.528784648188767,-0.9103449092437572
1787022640852,0.01172,16236.0,0.01173,887381.0,0.011725,8.528784648188767,-0.964064421098762
1787022640853,0.01172,16236.0,0.01173,894531.0,0.011725,8.528784648188767,-0.9643465342947208
1787022640855,0.01172,13842.0,0.01173,894531.0,0.011725,8.528784648188767,-0.9695235327337999
1787022640858,0.01171,866285.0,0.01172,139949.0,0.011715,8.536064874092695,0.7218360739152125
1787022640859,0.01171,367263.0,0.01172,139949.0,0.011715,8.536064874092695,0.4481636869790147
1787022640860,0.01171,367263.0,0.01172,310506.0,0.011715,8.536064874092695,0.08374092057913538
1787022640861,0.01171,305202.0,0.01172,310506.0,0.011715,8.536064874092695,-0.008614473094388899
1787022640873,0.01171,305202.0,0.01172,321434.0,0.011715,8.536064874092695,-0.025903395272534612
1787022640881,0.01171,280897.0,0.01172,321434.0,0.011715,8.536064874092695,-0.06730020536880885
1787022640888,0.01171,280897.0,0.01172,273462.0,0.011715,8.536064874092695,0.013411886521189338
1787022640920,0.01171,380944.0,0.01172,273462.0,0.011715,8.536064874092695,0.16424360412343408
1787022640944,0.01171,382353.0,0.01172,234284.0,0.011715,8.536064874092695,0.24012344377648437
1787022640961,0.01171,382353.0,0.01172,226962.0,0.011715,8.536064874092695,0.2550257256099062
1787022640985,0.01171,444414.0,0.01172,226962.0,0.011715,8.536064874092695,0.32389004075212696
1787022641039,0.01171,694414.0,0.01172,226962.0,0.011715,8.536064874092695,0.5073411940402182
1787022641040,0.01171,695918.0,0.01172,226962.0,0.011715,8.536064874092695,0.5081440707350902
1787022641058,0.01171,718495.0,0.01172,226962.0,0.011715,8.536064874092695,0.5198893233642566
1787022641111,0.01171,468495.0,0.01172,226962.0,0.011715,8.536064874092695,0.34730112717249234
1787022641112,0.01171,468495.0,0.01172,226962.0,0.011715,8.536064874092695,0.34730112717249234
1787022641641,0.01171,475328.0,0.01172,226962.0,0.011715,8.536064874092695,0.3536516253969158
1787022641710,0.01171,474048.0,0.01172,226962.0,0.011715,8.536064874092695,0.3524714340736937
1787022641968,0.01171,474048.0,0.01172,225982.0,0.011715,8.536064874092695,0.35436481293658845
1787022642360,0.01171,474048.0,0.01172,231116.0,0.011715,8.536064874092695,0.344504257165709
1787022644006,0.01171,474048.0,0.01172,431116.0,0.011715,8.536064874092695,0.04743007896911499
1787022644007,0.01171,374001.0,0.01172,431116.0,0.011715,8.536064874092695,-0.0709400000248411
1787022644008,0.01171,374001.0,0.01172,565721.0,0.011715,8.536064874092695,-0.2040177839829226
1787022644009,0.01171,374001.0,0.01172,565721.0,0.011715,8.536064874092695,-0.2040177839829226
1787022644020,0.01171,374001.0,0.01172,596719.0,0.011715,8.536064874092695,-0.2294358826438108
1787022644034,0.01171,374001.0,0.01172,396719.0,0.011715,8.536064874092695,-0.029476333817728878
1787022644037,0.01171,372497.0,0.01172,396719.0,0.011715,8.536064874092695,-0.03148920459272818
1787022644298,0.01171,372497.0,0.01172,397572.0,0.011715,8.536064874092695,-0.03256201716988997
1787022644401,0.01171,372497.0,0.01172,398339.0,0.011715,8.536064874092695,-0.033524640779621084
1787022644862,0.01171,372497.0,0.01172,399812.0,0.011715,8.536064874092695,-0.03536796800244462
1787022645296,0.01171,372497.0,0.01172,398959.0,0.011715,8.536064874092695,-0.034301372988219676
1787022645584,0.01171,375055.0,0.01172,398959.0,0.011715,8.536064874092695,-0.030883162320061393
1787022645964,0.01171,377613.0,0.01172,398959.0,0.011715,8.536064874092695,-0.027487470575812675
1787022646009,0.01171,380171.0,0.01172,398959.0,0.011715,8.536064874092695,-0.0241140759565156
1787022646798,0.01171,380171.0,0.01172,399812.0,0.011715,8.536064874092695,-0.02518131805436785
1787022648293,0.01171,380171.0,0.01172,402812.0,0.011715,8.536064874092695,-0.028916336625443975
1787022649189,0.01171,380171.0,0.01172,364417.0,0.011715,8.536064874092695,0.021158009530102554
1787022649190,0.01171,514335.0,0.01172,228897.0,0.011715,8.536064874092695,0.38404966416946523
1787022650883,0.01171,514335.0,0.01172,217969.0,0.011715,8.536064874092695,0.40470351111014
1787022651030,0.01171,380171.0,0.01172,257946.0,0.011715,8.536064874092695,0.19154010941567143
1787022651031,0.01171,380171.0,0.01172,383176.0,0.011715,8.536064874092695,-0.003936610741903748
1787022651032,0.01171,380171.0,0.01172,381767.0,0.011715,8.536064874092695,-0.00209465862051768
1787022651033,0.01171,380171.0,0.01172,383176.0,0.011715,8.536064874092695,-0.003936610741903748
1787022651047,0.01171,372497.0,0.01172,383176.0,0.011715,8.536064874092695,-0.014131773928670205
1787022651066,0.01171,349920.0,0.01172,383176.0,0.011715,8.536064874092695,-0.04536377227539094
1787022651500,0.01171,349920.0,0.01172,389919.0,0.011715,8.536064874092695,-0.0540644653769266
1787022651595,0.01171,349920.0,0.01172,392782.0,0.011715,8.536064874092695,-0.05771089885310663
1787022651596,0.01171,349920.0,0.01172,386039.0,0.011715,8.536064874092695,-0.049077462195584266
1787022651833,0.01171,349920.0,0.01172,388896.0,0.011715,8.536064874092695,-0.05275467775467776
1787022652205,0.01171,350358.0,0.01172,388896.0,0.011715,8.536064874092695,-0.052130931993604364
1787022652598,0.01171,350358.0,0.01172,386033.0,0.011715,8.536064874092695,-0.04844573059692473
1787022653296,0.01171,350358.0,0.01172,385180.0,0.011715,8.536064874092695,-0.04734221753328856
1787022653831,0.01171,350358.0,0.01172,382323.0,0.011715,8.536064874092695,-0.04362744495899307
1787022654009,0.01171,473408.0,0.01172,257093.0,0.011715,8.536064874092695,0.2961186911448444
1787022654010,0.01171,473408.0,0.01172,257093.0,0.011715,8.536064874092695,0.2961186911448444
1787022654295,0.01171,473408.0,0.01172,257946.0,0.011715,8.536064874092695,0.29460698922819867
1787022654427,0.01171,473408.0,0.01172,260314.0,0.011715,8.536064874092695,0.2904288000087227
1787022655797,0.01171,473408.0,0.01172,259461.0,0.011715,8.536064874092695,0.2919307543367232
1787022656037,0.01171,474469.0,0.01172,259461.0,0.011715,8.536064874092695,0.2929543689452673
1787022656759,0.01171,472500.0,0.01172,259461.0,0.011715,8.536064874092695,0.2910523921356466
1787022657036,0.01171,471439.0,0.01172,259461.0,0.011715,8.536064874092695,0.29002325899575865
1787022657297,0.01171,471439.0,0.01172,260314.0,0.011715,8.536064874092695,0.2885194867667095
1787022657415,0.01171,475378.0,0.01172,260314.0,0.011715,8.536064874092695,0.292328855009977
1787022660293,0.01171,475378.0,0.01172,261314.0,0.011715,8.536064874092695,0.2905746227731535
1787022660682,0.01171,475378.0,0.01172,265791.0,0.011715,8.536064874092695,0.2827789613434993
1787022662595,0.01171,475378.0,0.01172,266948.0,0.011715,8.536064874092695,0.280779603570399
1787022663599,0.01171,475378.0,0.01172,265791.0,0.011715,8.536064874092695,0.2827789613434993
1787022665049,0.01171,474093.0,0.01172,265791.0,0.011715,8.536064874092695,0.281533321439577
1787022665644,0.01171,351043.0,0.01172,369875.0,0.011715,8.536064874092695,-0.02612224968720437
1787022665829,0.01171,351043.0,0.01172,368396.0,0.011715,8.536064874092695,-0.024120182531111048
1787022665831,0.01171,351043.0,0.01172,371036.0,0.011715,8.536064874092695,-0.027688106149050172
1787022666326,0.01171,350531.0,0.01172,371036.0,0.011715,8.536064874092695,-0.028417319528193503
1787022667598,0.01171,350531.0,0.01172,373652.0,0.011715,8.536064874092695,-0.031927012923529
1787022667637,0.01171,491457.0,0.01172,269568.0,0.011715,8.536064874092695,0.29156598009263823
1787022667702,0.01171,491457.0,0.01172,276348.0,0.011715,8.536064874092695,0.28016097837341514
1787022667703,0.01171,491457.0,0.01172,274939.0,0.011715,8.536064874092695,0.28251452251838477
1787022667705,0.01171,491457.0,0.01172,276348.0,0.011715,8.536064874092695,0.28016097837341514
1787022667901,0.01171,491457.0,0.01172,283091.0,0.011715,8.536064874092695,0.26901625205926555
1787022667922,0.01171,491457.0,0.01172,284395.0,0.011715,8.536064874092695,0.2668833746642401
1787022668614,0.0117,762551.0,0.01171,213482.0,0.011705,8.54335753951268,0.562551676019151
1787022668615,0.0117,404059.0,0.01171,327537.0,0.011705,8.54335753951268,0.10459597920163588
1787022668616,0.0117,509885.0,0.01171,326622.0,0.011705,8.54335753951268,0.21908125096382935
1787022668617,0.0117,332248.0,0.01171,226622.0,0.011705,8.54335753951268,0.18899923059029827
1787022668618,0.0117,320967.0,0.01171,226622.0,0.011705,8.54335753951268,0.1722916274797339
1787022668619,0.0117,256355.0,0.01171,226622.0,0.011705,8.54335753951268,0.06156193773202451
1787022668621,0.0117,255903.0,0.01171,226622.0,0.011705,8.54335753951268,0.06068286617273717
1787022668622,0.0117,122755.0,0.01171,226622.0,0.011705,8.54335753951268,-0.29729203696866136
1787022668623,0.0117,98276.0,0.01171,226622.0,0.011705,8.54335753951268,-0.3950347493674938
1787022668624,0.0117,158924.0,0.01171,226622.0,0.011705,8.54335753951268,-0.17558994257494567
1787022668625,0.0117,151396.0,0.01171,226622.0,0.011705,8.54335753951268,-0.19900110576745023
1787022668666,0.0117,257871.0,0.01171,226622.0,0.011705,8.54335753951268,0.06449835188537295
1787022668667,0.0117,258419.0,0.01171,226622.0,0.011705,8.54335753951268,0.0655552829554615
1787022668668,0.0117,258419.0,0.01171,93951.0,0.011705,8.54335753951268,0.46674802054658454
1787022668669,0.0117,258419.0,0.01171,94451.0,0.011705,8.54335753951268,0.4646697083911922
1787022668673,0.0117,346799.0,0.01171,94451.0,0.011705,8.54335753951268,0.5718934844192635
1787022668675,0.0117,346799.0,0.01171,94900.0,0.011705,8.54335753951268,0.5702956085479025
1787022668677,0.0117,258419.0,0.01171,94900.0,0.011705,8.54335753951268,0.46280839694440434
1787022668683,0.0117,346799.0,0.01171,94900.0,0.011705,8.54335753951268,0.5702956085479025
1787022668690,0.0117,351921.0,0.01171,94900.0,0.011705,8.54335753951268,0.5752213973828446
1787022668694,0.0117,346799.0,0.01171,94900.0,0.011705,8.54335753951268,0.5702956085479025
1787022668798,0.0117,348209.0,0.01171,96310.0,0.011705,8.54335753951268,0.5666776898175331
1787022668802,0.0117,348209.0,0.01171,97164.0,0.011705,8.54335753951268,0.5636735949417679
1787022668847,0.0117,508276.0,0.01171,97164.0,0.011705,8.54335753951268,0.6790301268498943
1787022668848,0.0117,508276.0,0.01171,268821.0,0.011705,8.54335753951268,0.3081404251978839
1787022668849,0.0117,508276.0,0.01171,267411.0,0.011705,8.54335753951268,0.31051828894902195
1787022668850,0.0117,419896.0,0.01171,267411.0,0.011705,8.54335753951268,0.22185864540882022
1787022668862,0.0117,419896.0,0.01171,268270.0,0.011705,8.54335753951268,0.22033346605324877
1787022668866,0.0117,442992.0,0.01171,268270.0,0.011705,8.54335753951268,0.24565068849453506
1787022668959,0.0117,442992.0,0.01171,269680.0,0.011705,8.54335753951268,0.2431862062772215
1787022669037,0.0117,441710.0,0.01171,269680.0,0.011705,8.54335753951268,0.241822347797973
1787022669203,0.0117,441710.0,0.01171,270129.0,0.011705,8.54335753951268,0.24103905517961224
1787022669340,0.0117,448549.0,0.01171,270129.0,0.011705,8.54335753951268,0.24826139105412995
1787022669342,0.0117,510610.0,0.01171,270129.0,0.011705,8.54335753951268,0.3080171478560697
1787022669399,0.0117,510610.0,0.01171,271534.0,0.011705,8.54335753951268,0.3056674985680386
1787022670796,0.0117,510610.0,0.01171,270680.0,0.011705,8.54335753951268,0.30709467675255026
1787022670835,0.0117,599065.0,0.01171,270680.0,0.011705,8.54335753951268,0.3775646885006525
1787022670836,0.0117,597655.0,0.01171,270680.0,0.011705,8.54335753951268,0.37655397974284116
1787022670837,0.0117,599065.0,0.01171,270680.0,0.011705,8.54335753951268,0.3775646885006525
1787022670862,0.0117,599065.0,0.01171,269821.0,0.011705,8.54335753951268,0.3789265795512875
1787022671357,0.0117,510610.0,0.01171,269821.0,0.011705,8.54335753951268,0.30853336169373075
1787022671359,0.0117,510610.0,0.01171,269321.0,0.011705,8.54335753951268,0.309372239339121
1787022671399,0.0117,510610.0,0.01171,267916.0,0.011705,8.54335753951268,0.3117352535432343
1787022671450,0.0117,404135.0,0.01171,389600.0,0.011705,8.54335753951268,0.018312157080133798
1787022672126,0.0117,401774.0,0.01171,389600.0,0.011705,8.54335753951268,0.015383371199963608
1787022672132,0.01169,1353574.0,0.01171,389600.0,0.0117,17.094017094016397,0.5529992989799067
1787022672133,0.0117,72047.0,0.01171,499410.0,0.011705,8.54335753951268,-0.7478480445597832
1787022672134,0.0117,59387.0,0.01171,523089.0,0.011705,8.54335753951268,-0.796087735803707
1787022672135,0.0117,59387.0,0.01171,583740.0,0.011705,8.54335753951268,-0.8153179698566535
1787022672144,0.0117,60669.0,0.01171,583740.0,0.011705,8.54335753951268,-0.8117065404114467
1787022672181,0.0117,61183.0,0.01171,583740.0,0.011705,8.54335753951268,-0.8102626204988813
1787022672182,0.0117,60774.0,0.01171,583740.0,0.011705,8.54335753951268,-0.8114113890466305
1787022672294,0.0117,60774.0,0.01171,588740.0,0.011705,8.54335753951268,-0.8128631561444403
1787022672295,0.0117,62184.0,0.01171,590150.0,0.011705,8.54335753951268,-0.809349198416762
1787022672297,0.0117,63038.0,0.01171,590150.0,0.011705,8.54335753951268,-0.8069835943097546
1787022672436,0.0117,225260.0,0.01171,590150.0,0.011705,8.54335753951268,-0.4474926723979348
1787022672438,0.0117,225260.0,0.01171,590150.0,0.011705,8.54335753951268,-0.4474926723979348
1787022672565,0.0117,225260.0,0.01171,589550.0,0.011705,8.54335753951268,-0.44708582368895816
1787022672696,0.0117,232104.0,0.01171,589550.0,0.011705,8.54335753951268,-0.43503226418906255
1787022672862,0.0117,232104.0,0.01171,590070.0,0.011705,8.54335753951268,-0.4353895890650884
1787022673400,0.0117,232104.0,0.01171,591595.0,0.011705,8.54335753951268,-0.4364349112964809
1787022673800,0.0117,231250.0,0.01171,591595.0,0.011705,8.54335753951268,-0.4379257332790501
1787022674243,0.0117,231250.0,0.01171,601362.0,0.011705,8.54335753951268,-0.44451917579857125
1787022674257,0.0117,231250.0,0.01171,601831.0,0.011705,8.54335753951268,-0.4448318950978356
1787022674461,0.0117,231250.0,0.01171,602300.0,0.011705,8.54335753951268,-0.44514426249175215
1787022675236,0.0117,231250.0,0.01171,608625.0,0.011705,8.54335753951268,-0.4493228158952225
1787022676783,0.0117,231250.0,0.01171,595327.0,0.011705,8.54335753951268,-0.4404635018879064
1787022676784,0.0117,331250.0,0.01171,595327.0,0.011705,8.54335753951268,-0.2850027574610637
1787022676804,0.0117,331250.0,0.01171,630513.0,0.011705,8.54335753951268,-0.31116085771650603
1787022676912,0.0117,231250.0,0.01171,630513.0,0.011705,8.54335753951268,-0.46330951781406254
1787022677201,0.0117,231250.0,0.01171,637256.0,0.011705,8.54335753951268,-0.4674763329211312
1787022677297,0.0117,231250.0,0.01171,638110.0,0.011705,8.54335753951268,-0.46799944786969727
1787022677298,0.0117,231250.0,0.01171,631367.0,0.011705,8.54335753951268,-0.4638408470966837
1787022677596,0.0117,231250.0,0.01171,633282.0,0.011705,8.54335753951268,-0.4650284778354069
1787022677798,0.0117,231250.0,0.01171,632428.0,0.011705,8.54335753951268,-0.46449950097142684
1787022678595,0.0117,231250.0,0.01171,630513.0,0.011705,8.54335753951268,-0.46330951781406254
1787022678803,0.0117,228982.0,0.01171,630513.0,0.011705,8.54335753951268,-0.46717083869016107
1787022678806,0.0117,229836.0,0.01171,630513.0,0.011705,8.54335753951268,-0.46571449493170797
1787022678863,0.0117,229836.0,0.01171,629993.0,0.011705,8.54335753951268,-0.46539137433140776
1787022679297,0.0117,228982.0,0.01171,629993.0,0.011705,8.54335753951268,-0.46684827847143395
1787022679306,0.0117,228982.0,0.01171,646904.0,0.011705,8.54335753951268,-0.477142002498042
1787022679604,0.0117,478982.0,0.01171,646904.0,0.011705,8.54335753951268,-0.14914653881476456
1787022679606,0.0117,478982.0,0.01171,589614.0,0.011705,8.54335753951268,-0.10353023967898065
1787022680333,0.0117,473082.0,0.01171,589614.0,0.011705,8.54335753951268,-0.10965694798888864
1787022680754,0.0117,475051.0,0.01171,589614.0,0.011705,8.54335753951268,-0.10760473951900364
1787022681023,0.0117,375051.0,0.01171,589614.0,0.011705,8.54335753951268,-0.22242229167638505
1787022682375,0.0117,383108.0,0.01171,589614.0,0.011705,8.54335753951268,-0.21229703861946167
1787022682788,0.0117,382528.0,0.01171,589614.0,0.011705,8.54335753951268,-0.2130203200766966
1787022683399,0.0117,382528.0,0.01171,588089.0,0.011705,8.54335753951268,-0.2117838447090871
1787022685299,0.0117,382528.0,0.01171,588943.0,0.011705,8.54335753951268,-0.21247674917727857
1787022685398,0.0117,382528.0,0.01171,589961.0,0.011705,8.54335753951268,-0.2133011273135223
1787022685598,0.0117,382528.0,0.01171,592823.0,0.011705,8.54335753951268,-0.2156095600455631
1787022685862,0.0117,382528.0,0.01171,594251.0,0.011705,8.54335753951268,-0.21675629799575954
1787022686389,0.0117,382528.0,0.01171,593651.0,0.011705,8.54335753951268,-0.21627488401205106
1787022686735,0.0117,382528.0,0.01171,592810.0,0.011705,8.54335753951268,-0.21559910513073416
1787022686902,0.0117,381674.0,0.01171,592810.0,0.011705,8.54335753951268,-0.2166644090616162
1787022687240,0.0117,381674.0,0.01171,607725.0,0.011705,8.54335753951268,-0.22847304272593766
1787022687292,0.0117,381674.0,0.01171,608725.0,0.011705,8.54335753951268,-0.2292520489216972
1787022687597,0.0117,381674.0,0.01171,605863.0,0.011705,8.54335753951268,-0.22701832943980832
1787022687799,0.0117,381674.0,0.01171,605009.0,0.011705,8.54335753951268,-0.22634929354210015
1787022689165,0.0117,380392.0,0.01171,605009.0,0.011705,8.54335753951268,-0.22794476563348323
1787022689296,0.0117,380392.0,0.01171,605863.0,0.011705,8.54335753951268,-0.22861328966646557
1787022689795,0.0117,380392.0,0.01171,605009.0,0.011705,8.54335753951268,-0.22794476563348323
1787022690667,0.0117,381674.0,0.01171,605009.0,0.011705,8.54335753951268,-0.22634929354210015
1787022691497,0.0117,379460.0,0.01171,605009.0,0.011705,8.54335753951268,-0.2291072649316535
1787022691850,0.0117,379973.0,0.01171,605009.0,0.011705,8.54335753951268,-0.22846711919608684
1787022691862,0.0117,379973.0,0.01171,603581.0,0.011705,8.54335753951268,-0.22734694790524973
1787022692273,0.0117,378851.0,0.01171,603581.0,0.011705,8.54335753951268,-0.22874865639555714
1787022692527,0.0117,378851.0,0.01171,611117.0,0.011705,8.54335753951268,-0.23461970487934963
1787022692862,0.0117,378851.0,0.01171,612060.0,0.011705,8.54335753951268,-0.23534807868718785
1787022693605,0.0117,512340.0,0.01172,844916.0,0.01171,17.079419299743112,-0.2450355717712797
1787022693606,0.01171,46040.0,0.01172,728282.0,0.011715,8.536064874092695,-0.8810830636350252
1787022693607,0.01171,159288.0,0.01172,502205.0,0.011715,8.536064874092695,-0.5183985318060811
1787022693608,0.01171,212860.0,0.01172,277110.0,0.011715,8.536064874092695,-0.1311304773761659
1787022693609,0.01171,462860.0,0.01172,271990.0,0.011715,8.536064874092695,0.2597400830101381
1787022693610,0.01171,462860.0,0.01172,205922.0,0.011715,8.536064874092695,0.38418797156622037
1787022693611,0.01171,462860.0,0.01172,62457.0,0.011715,8.536064874092695,0.7622121499970494
1787022693612,0.01171,576834.0,0.01173,673616.0,0.011720000000000001,17.064846416383034,-0.0773977368147467
1787022693613,0.01172,50348.0,0.01173,438071.0,0.011725,8.528784648188767,-0.7938327542540319
1787022693614,0.01172,65645.0,0.01173,309934.0,0.011725,8.528784648188767,-0.6504330646814651
1787022693615,0.01172,65645.0,0.01173,355150.0,0.011725,8.528784648188767,-0.687995342149978
1787022693619,0.01172,65645.0,0.01173,354089.0,0.011725,8.528784648188767,-0.6872066594557505
1787022693621,0.01172,265645.0,0.01173,354089.0,0.011725,8.528784648188767,-0.14271284131579032
1787022693622,0.01172,265645.0,0.01173,337363.0,0.011725,8.528784648188767,-0.1189337454892804
1787022693624,0.01172,265645.0,0.01173,338338.0,0.011725,8.528784648188767,-0.1203560365109614
1787022693625,0.01172,65645.0,0.01173,338857.0,0.011725,8.528784648188767,-0.6754280572160335
1787022693626,0.01172,50348.0,0.01173,338857.0,0.011725,8.528784648188767,-0.7412777328143266
1787022693627,0.01172,50348.0,0.01173,336293.0,0.011725,8.528784648188767,-0.7395620226515036
1787022693634,0.01172,50348.0,0.01173,335322.0,0.011725,8.528784648188767,-0.7389063188736484
1787022693635,0.01172,50848.0,0.01173,335322.0,0.011725,8.528784648188767,-0.7366548411321439
1787022693652,0.01172,50848.0,0.01173,334799.0,0.011725,8.528784648188767,-0.7362977023028832
1787022693653,0.01172,50848.0,0.01173,334347.0,0.011725,8.528784648188767,-0.7359882656836148
1787022693657,0.01171,969748.0,0.01172,2724.0,0.011715,8.536064874092695,0.994397782146941
1787022693658,0.01171,569682.0,0.01172,74384.0,0.011715,8.536064874092695,0.7690174609434437
1787022693659,0.01171,452373.0,0.01172,74384.0,0.011715,8.536064874092695,0.7175775547358649
1787022693660,0.01171,325897.0,0.01172,74384.0,0.011715,8.536064874092695,0.6283410903840052
1787022693661,0.01171,325897.0,0.01172,57549.0,0.011715,8.536064874092695,0.6998325709487124
1787022693662,0.01171,332490.0,0.01172,57549.0,0.011715,8.536064874092695,0.7049064324336797
1787022693673,0.01171,332490.0,0.01172,54250.0,0.011715,8.536064874092695,0.7194497595283653
1787022693674,0.01171,332490.0,0.01172,28253.0,0.011715,8.536064874092695,0.8433621719617567
1787022693677,0.01171,336941.0,0.01172,28253.0,0.011715,8.536064874092695,0.8452712804701062
1787022693678,0.01171,369355.0,0.01172,28253.0,0.011715,8.536064874092695,0.857885153216233
1787022693688,0.01171,369355.0,0.01172,85805.0,0.011715,8.536064874092695,0.6229677476052378
1787022693791,0.01171,370764.0,0.01172,87214.0,0.011715,8.536064874092695,0.619134543580696
1787022693807,0.01171,538285.0,0.01172,252264.0,0.011715,8.536064874092695,0.3618004703060784
1787022693808,0.01171,538285.0,0.01172,250855.0,0.011715,8.536064874092695,0.36423194870365205
1787022693831,0.01171,568626.0,0.01172,250855.0,0.011715,8.536064874092695,0.3877710404512124
1787022693856,0.01171,538285.0,0.01172,250855.0,0.011715,8.536064874092695,0.36423194870365205
1787022693873,0.01171,538285.0,0.01172,246317.0,0.011715,8.536064874092695,0.37212242640217585
1787022693876,0.01171,538285.0,0.01172,346077.0,0.011715,8.536064874092695,0.21734086267840544
1787022693926,0.01171,538285.0,0.01172,347486.0,0.011715,8.536064874092695,0.21540443297421116
1787022694079,0.01171,538285.0,0.01172,344971.0,0.011715,8.536064874092695,0.21886519876457108
1787022694305,0.01171,545121.0,0.01172,344971.0,0.011715,8.536064874092695,0.22486439603995992
1787022694307,0.01171,546827.0,0.01172,344971.0,0.011715,8.536064874092695,0.22634722212877803
1787022694399,0.01171,546827.0,0.01172,346546.0,0.011715,8.536064874092695,0.22418519476187437
1787022694401,0.01171,546827.0,0.01172,344282.0,0.011715,8.536064874092695,0.2272954262609849
1787022694433,0.01171,576218.0,0.01172,344282.0,0.011715,8.536064874092695,0.2519674090168387
1787022694651,0.01171,576218.0,0.01172,342245.0,0.011715,8.536064874092695,0.25474406699017815
1787022694661,0.01171,546827.0,0.01172,342245.0,0.011715,8.536064874092695,0.2301073478863354
1787022694838,0.01171,546827.0,0.01172,342672.0,0.011715,8.536064874092695,0.22951684037868508
1787022694846,0.01171,546827.0,0.01172,340839.0,0.011715,8.536064874092695,0.23205575069902418
1787022695113,0.01171,546827.0,0.01172,339189.0,0.011715,8.536064874092695,0.23435016974862757
1787022695296,0.01171,547680.0,0.01172,339189.0,0.011715,8.536064874092695,0.2350865798669251
1787022695485,0.01171,547680.0,0.01172,337704.0,0.011715,8.536064874092695,0.23715811444525764
1787022695754,0.01171,547680.0,0.01172,336367.0,0.011715,8.536064874092695,0.23902914664039354
1787022695796,0.01171,546827.0,0.01172,336367.0,0.011715,8.536064874092695,0.23829419131017648
1787022696063,0.01171,546827.0,0.01172,335164.0,0.011715,8.536064874092695,0.23998317443148512
1787022696064,0.01171,587739.0,0.01172,335164.0,0.011715,8.536064874092695,0.27367448150022267
1787022696065,0.01171,587739.0,0.01172,235404.0,0.011715,8.536064874092695,0.4280361978416873
1787022696303,0.01171,587739.0,0.01172,234321.0,0.011715,8.536064874092695,0.4299175242683016
1787022696566,0.01171,587739.0,0.01172,233540.0,0.011715,8.536064874092695,0.43127731258196056
1787022696568,0.01171,588617.0,0.01172,233540.0,0.011715,8.536064874092695,0.43188466436459216
1787022696846,0.01171,588617.0,0.01172,232838.0,0.011715,8.536064874092695,0.43310832607994354
1787022697306,0.01171,588617.0,0.01172,232206.0,0.011715,8.536064874092695,0.4342117606353623
1787022697327,0.01171,475366.0,0.01172,354798.0,0.011715,8.536064874092695,0.14523395377298942
1787022697328,0.01171,324956.0,0.01172,354798.0,0.011715,8.536064874092695,-0.04390117601367553
1787022697329,0.01171,323547.0,0.01172,354798.0,0.011715,8.536064874092695,-0.046069477920527166
1787022697862,0.01171,323547.0,0.01172,356101.0,0.011715,8.536064874092695,-0.04789832383822214
1787022698830,0.01171,323547.0,0.01172,359180.0,0.011715,8.536064874092695,-0.052192164657322765
1787022698839,0.01171,261486.0,0.01172,359180.0,0.011715,8.536064874092695,-0.15740188764971821
1787022699194,0.01171,309330.0,0.01172,359180.0,0.011715,8.536064874092695,-0.07456881722038564
1787022699294,0.01171,309330.0,0.01172,360180.0,0.011715,8.536064874092695,-0.0759510686920285
1787022699830,0.01171,309330.0,0.01172,357101.0,0.011715,8.536064874092695,-0.07168183953027395
1787022699836,0.01171,309330.0,0.01172,362141.0,0.011715,8.536064874092695,-0.0786497108586968
1787022700832,0.01171,309330.0,0.01172,365185.0,0.011715,8.536064874092695,-0.08280764697597533
1787022701982,0.01171,308621.0,0.01172,365185.0,0.011715,8.536064874092695,-0.08394701145433552
1787022702453,0.01171,308621.0,0.01172,427246.0,0.011715,8.536064874092695,-0.16120440242598186
1787022703001,0.01171,308621.0,0.01172,434026.0,0.011715,8.536064874092695,-0.16886219159304489
1787022703080,0.01171,304957.0,0.01172,434026.0,0.011715,8.536064874092695,-0.1746576037608443
1787022703452,0.01171,303389.0,0.01172,434026.0,0.011715,8.536064874092695,-0.17715533315704182
1787022704024,0.01171,303389.0,0.01172,371965.0,0.011715,8.536064874092695,-0.10154082155432559
1787022704026,0.01171,303389.0,0.01172,370556.0,0.011715,8.536064874092695,-0.09966243536193606
1787022704027,0.01171,303389.0,0.01172,371965.0,0.011715,8.536064874092695,-0.10154082155432559
1787022704296,0.01171,303389.0,0.01172,372818.0,0.011715,8.536064874092695,-0.10267418113092588
1787022704921,0.01171,303389.0,0.01172,374307.0,0.011715,8.536064874092695,-0.10464574086315988
1787022705175,0.01171,135868.0,0.01172,374307.0,0.011715,8.536064874092695,-0.46736707992355564
1787022705178,0.01171,135868.0,0.01172,436368.0,0.011715,8.536064874092695,-0.5251329870892429
1787022705245,0.01171,82296.0,0.01172,436368.0,0.011715,8.536064874092695,-0.6826616075146916
1787022705247,0.01171,82296.0,0.01172,436368.0,0.011715,8.536064874092695,-0.6826616075146916
1787022705249,0.01171,72296.0,0.01172,436368.0,0.011715,8.536064874092695,-0.7157416290517906
1787022705400,0.01171,72296.0,0.01172,443111.0,0.011715,8.536064874092695,-0.7194605428331396
1787022705417,0.01171,72296.0,0.01172,453111.0,0.011715,8.536064874092695,-0.724800012181033
1787022705595,0.01171,72296.0,0.01172,456082.0,0.011715,8.536064874092695,-0.726347425517338
1787022705722,0.01171,29652.0,0.01172,456082.0,0.011715,8.536064874092695,-0.8779084848909073
1787022705912,0.01171,29652.0,0.01172,465927.0,0.011715,8.536064874092695,-0.8803339124539176
1787022706345,0.01171,36488.0,0.01172,465927.0,0.011715,8.536064874092695,-0.8547495596270016
1787022707297,0.01171,36488.0,0.01172,465074.0,0.011715,8.536064874092695,-0.8545025340835231
1787022707305,0.01171,36488.0,0.01172,483961.0,0.011715,8.536064874092695,-0.8597826107841499
1787022708601,0.01171,36488.0,0.01172,477218.0,0.011715,8.536064874092695,-0.8579420913907955
1787022708799,0.01171,36488.0,0.01172,483961.0,0.011715,8.536064874092695,-0.8597826107841499
1787022709223,0.01171,36937.0,0.01172,483961.0,0.011715,8.536064874092695,-0.8581795284297502
1787022709296,0.01171,36937.0,0.01172,484814.0,0.011715,8.536064874092695,-0.8584113878075941
1787022709599,0.01171,36937.0,0.01172,478071.0,0.011715,8.536064874092695,-0.856557568037778
1787022709801,0.01171,36937.0,0.01172,484814.0,0.011715,8.536064874092695,-0.8584113878075941
1787022710850,0.01171,36937.0,0.01172,562332.0,0.011715,8.536064874092695,-0.876726478426216
1787022710853,0.01171,36937.0,0.01172,611290.0,0.011715,8.536064874092695,-0.8860368358615115
1787022710856,0.0117,1079146.0,0.01171,16635.0,0.011705,8.54335753951268,0.9696380937431841
1787022710858,0.0117,775607.0,0.01171,86642.0,0.011705,8.54335753951268,0.799032530046425
1787022710859,0.0117,612154.0,0.01171,86642.0,0.011705,8.54335753951268,0.7520249114190694
1787022710860,0.0117,567627.0,0.01171,86642.0,0.011705,8.54335753951268,0.7351486926631096
1787022710861,0.0117,567175.0,0.01171,86642.0,0.011705,8.54335753951268,0.7349655943482657
1787022710862,0.0117,566654.0,0.01171,86642.0,0.011705,8.54335753951268,0.734754230854008
1787022710864,0.0117,566202.0,0.01171,86642.0,0.011705,8.54335753951268,0.7345705865413483
1787022710917,0.0117,666809.0,0.01171,86642.0,0.011705,8.54335753951268,0.770012913912119
1787022710924,0.0117,666809.0,0.01171,46287.0,0.011705,8.54335753951268,0.8701801720946408
1787022710925,0.0117,604748.0,0.01171,46287.0,0.011705,8.54335753951268,0.8578048799219704
1787022710928,0.0117,666809.0,0.01171,46287.0,0.011705,8.54335753951268,0.8701801720946408
1787022710930,0.0117,666809.0,0.01172,897727.0,0.01171,17.079419299743112,-0.14759519755377953
1787022710931,0.0117,671931.0,0.01172,897727.0,0.01171,17.079419299743112,-0.1438504438546486
1787022710932,0.0117,820389.0,0.01172,889162.0,0.01171,17.079419299743112,-0.040228691627216734
1787022710933,0.01171,24351.0,0.01172,888732.0,0.011715,8.536064874092695,-0.9466620230581447
1787022710934,0.01171,24351.0,0.01172,743717.0,0.011715,8.536064874092695,-0.9365915517896853
1787022710940,0.01171,39189.0,0.01172,743717.0,0.011715,8.536064874092695,-0.8998883646312584
1787022710997,0.01171,40598.0,0.01172,745126.0,0.011715,8.536064874092695,-0.8966609140105177
1787022711294,0.01171,40598.0,0.01172,746126.0,0.011715,8.536064874092695,-0.8967922676821859
1787022711388,0.01171,40598.0,0.01172,750333.0,0.011715,8.536064874092695,-0.8973412345703987
1787022711493,0.01171,47436.0,0.01172,750333.0,0.011715,8.536064874092695,-0.8810783572688334
1787022711940,0.01171,32598.0,0.01172,750333.0,0.011715,8.536064874092695,-0.9167282940642278
1787022712954,0.01171,32131.0,0.01172,750333.0,0.011715,8.536064874092695,-0.9178722599378374
1787022713031,0.01171,12133.0,0.01172,750333.0,0.011715,8.536064874092695,-0.9681743185925668
1787022713032,0.0117,1155174.0,0.01171,71843.0,0.011705,8.54335753951268,0.8828981179559859
1787022713033,0.0117,1185831.0,0.01171,200903.0,0.011705,8.54335753951268,0.7102501272774735
1787022713034,0.0117,707815.0,0.01171,310232.0,0.011705,8.54335753951268,0.39053501459166423
1787022713035,0.0117,533156.0,0.01171,310232.0,0.011705,8.54335753951268,0.2643196251310192
1787022713036,0.0117,516086.0,0.01171,310232.0,0.011705,8.54335753951268,0.24912200871819323
1787022713037,0.0117,279183.0,0.01171,310232.0,0.011705,8.54335753951268,-0.05267765496297176
1787022713038,0.0117,277476.0,0.01171,310232.0,0.011705,8.54335753951268,-0.05573516099831889
1787022713064,0.0117,277476.0,0.01171,190417.0,0.011705,8.54335753951268,0.1860660450145653
1787022713065,0.0117,277476.0,0.01171,81088.0,0.011705,8.54335753951268,0.5477069644470722
1787022713066,0.0117,397038.0,0.01171,57217.0,0.011705,8.54335753951268,0.7480842258202992
1787022713071,0.0117,459099.0,0.01171,57217.0,0.011705,8.54335753951268,0.778364412491575
1787022713126,0.0117,459099.0,0.01171,58627.0,0.011705,8.54335753951268,0.773521128936928
1787022713148,0.0117,460509.0,0.01171,58627.0,0.011705,8.54335753951268,0.7741362571657523
1787022713234,0.0117,637127.0,0.01171,58627.0,0.011705,8.54335753951268,0.831472043279665
1787022713235,0.0117,637127.0,0.01171,199709.0,0.011705,8.54335753951268,0.5227045681591136
1787022713236,0.0117,637127.0,0.01171,199709.0,0.011705,8.54335753951268,0.5227045681591136
1787022713243,0.0117,663520.0,0.01171,199709.0,0.011705,8.54335753951268,0.5372977506548089
1787022713296,0.0117,663520.0,0.01171,200563.0,0.011705,8.54335753951268,0.5357783916591345
1787022713400,0.0117,663520.0,0.01171,202017.0,0.011705,8.54335753951268,0.5331984652302559
1787022713636,0.0117,663520.0,0.01171,200935.0,0.011705,8.54335753951268,0.5351175017785773
1787022713955,0.0117,663520.0,0.01171,222805.0,0.011705,8.54335753951268,0.4972385975798945
1787022714400,0.0117,663520.0,0.01171,221351.0,0.011705,8.54335753951268,0.499698826156581
1787022715042,0.0117,637240.0,0.01171,221351.0,0.011705,8.54335753951268,0.4843854640917503
1787022715211,0.0117,637240.0,0.01171,257033.0,0.011705,8.54335753951268,0.4251576420175942
1787022715216,0.0117,637240.0,0.01171,235163.0,0.011705,8.54335753951268,0.46088447655498666
1787022715443,0.0117,637240.0,0.01171,235632.0,0.011705,8.54335753951268,0.46009953349402893
1787022715599,0.0117,637240.0,0.01171,236101.0,0.011705,8.54335753951268,0.4593154334904694
1787022716343,0.0117,636666.0,0.01171,236101.0,0.011705,8.54335753951268,0.458959836932423
1787022716379,0.0117,636666.0,0.01171,235191.0,0.011705,8.54335753951268,0.46048262501763476
1787022716799,0.0117,636666.0,0.01171,234337.0,0.011705,8.54335753951268,0.4619145973090793
1787022716987,0.0117,640245.0,0.01171,234337.0,0.011705,8.54335753951268,0.46411657225966235
1787022716989,0.0117,643824.0,0.01171,234337.0,0.011705,8.54335753951268,0.4663005986373797
1787022717110,0.0117,647403.0,0.01171,234337.0,0.011705,8.54335753951268,0.4684668950030621
1787022717296,0.0117,647403.0,0.01171,235191.0,0.011705,8.54335753951268,0.4670460030319717
1787022717601,0.0117,647403.0,0.01171,234591.0,0.011705,8.54335753951268,0.46804400029932175
1787022717798,0.0117,647403.0,0.01171,233737.0,0.011705,8.54335753951268,0.4694668270649386
1787022718296,0.0117,647403.0,0.01171,234591.0,0.011705,8.54335753951268,0.46804400029932175
1787022720315,0.0117,644812.0,0.01171,234591.0,0.011705,8.54335753951268,0.4664766892994452
1787022720475,0.0117,642843.0,0.01171,234591.0,0.011705,8.54335753951268,0.46527943982111475
1787022721288,0.0117,640880.0,0.01171,234591.0,0.011705,8.54335753951268,0.4640804778227948
1787022721799,0.0117,640880.0,0.01171,233737.0,0.011705,8.54335753951268,0.4655100461116123
1787022721991,0.0117,640367.0,0.01171,233737.0,0.011705,8.54335753951268,0.4651963610737395
1787022722000,0.0117,640880.0,0.01171,233737.0,0.011705,8.54335753951268,0.4655100461116123
1787022722171,0.0117,658608.0,0.01171,233737.0,0.011705,8.54335753951268,0.4761286273806655
1787022722785,0.0117,662546.0,0.01171,233737.0,0.011705,8.54335753951268,0.47843036183883886
1787022722798,0.0117,662546.0,0.01171,234591.0,0.011705,8.54335753951268,0.4770230187808551
1787022722807,0.0117,662546.0,0.01171,286489.0,0.011705,8.54335753951268,0.39625198227673375
1787022723295,0.0117,662546.0,0.01171,289489.0,0.011705,8.54335753951268,0.39185219030812946
1787022724257,0.0117,662546.0,0.01171,275677.0,0.011705,8.54335753951268,0.4123422683093465
1787022724259,0.0117,662546.0,0.01171,274267.0,0.011705,8.54335753951268,0.4144679888088658
1787022724261,0.0117,662546.0,0.01171,275677.0,0.011705,8.54335753951268,0.4123422683093465
1787022724299,0.0117,662546.0,0.01171,274823.0,0.011705,8.54335753951268,0.41362899775862016
1787022726322,0.0117,662034.0,0.01171,274823.0,0.011705,8.54335753951268,0.4133085412181368
1787022726797,0.0117,662034.0,0.01171,275677.0,0.011705,8.54335753951268,0.4120214010500037
1787022727275,0.0117,662034.0,0.01171,311359.0,0.011705,8.54335753951268,0.3602604497874959
1787022727276,0.0117,542472.0,0.01171,289489.0,0.011705,8.54335753951268,0.30408035953608403
1787022727278,0.0117,675961.0,0.01171,417768.0,0.011705,8.54335753951268,0.2360667039092865
1787022727279,0.0117,675961.0,0.01171,417768.0,0.011705,8.54335753951268,0.2360667039092865
1787022727296,0.0117,675961.0,0.01171,416914.0,0.011705,8.54335753951268,0.23703259750657668
1787022727524,0.0117,677197.0,0.01171,416914.0,0.011705,8.54335753951268,0.23789450978922613
1787022727751,0.0117,677197.0,0.01171,416314.0,0.011705,8.54335753951268,0.2385737317685876
1787022727799,0.0117,677197.0,0.01171,417168.0,0.011705,8.54335753951268,0.23760719686758988
1787022728035,0.0117,677197.0,0.01171,421844.0,0.011705,8.54335753951268,0.2323416505844641
1787022729506,0.0117,725512.0,0.01171,421844.0,0.011705,8.54335753951268,0.2646676358514707
1787022729508,0.0117,725512.0,0.01171,293565.0,0.011705,8.54335753951268,0.4238610036336803
1787022729509,0.0117,725512.0,0.01171,292155.0,0.011705,8.54335753951268,0.42583379435512797
1787022729510,0.0117,725512.0,0.01171,293565.0,0.011705,8.54335753951268,0.4238610036336803
1787022730299,0.0117,725512.0,0.01171,297819.0,0.011705,8.54335753951268,0.41794199530748116
1787022730303,0.0117,725512.0,0.01171,278199.0,0.011705,8.54335753951268,0.4456591588614651
1787022730304,0.0117,725512.0,0.01172,777145.0,0.01171,17.079419299743112,-0.03436113497624541
1787022730305,0.0117,1047433.0,0.01171,174159.0,0.011705,8.54335753951268,0.7148655197480009
1787022730306,0.01171,174159.0,0.01172,643658.0,0.011715,8.536064874092695,-0.5740880906119584
1787022730307,0.01171,82221.0,0.01172,638639.0,0.011715,8.536064874092695,-0.7718808090336542
1787022730308,0.01171,82221.0,0.01173,1064259.0,0.011720000000000001,17.064846416383034,-0.8565679296629684
1787022730309,0.01172,24351.0,0.01173,856286.0,0.011725,8.528784648188767,-0.9446968501209919
1787022730310,0.01172,77923.0,0.01173,620771.0,0.011725,8.528784648188767,-0.776946703420954
1787022730311,0.01172,169819.0,0.01173,495804.0,0.011725,8.528784648188767,-0.48974419453654694
1787022730312,0.01172,45059.0,0.01173,447742.0,0.011725,8.528784648188767,-0.8171310528996492
1787022730313,0.01172,9833.0,0.01173,356737.0,0.011725,8.528784648188767,-0.94635131080012
1787022730314,0.01172,22470.0,0.01173,356737.0,0.011725,8.528784648188767,-0.8814895294654371
1787022730315,0.01172,22470.0,0.01173,286531.0,0.011725,8.528784648188767,-0.8545635774641506
1787022730316,0.01172,68527.0,0.01173,286531.0,0.011725,8.528784648188767,-0.6139954598966929
1787022730317,0.01172,180238.0,0.01173,101948.0,0.011725,8.528784648188767,0.27744112039576735
1787022730318,0.01172,175116.0,0.01173,141027.0,0.011725,8.528784648188767,0.10782778679268559
1787022730319,0.01172,175116.0,0.01173,124112.0,0.011725,8.528784648188767,0.17045196305158608
1787022730320,0.01172,175116.0,0.01173,67352.0,0.011725,8.528784648188767,0.44444627744692083
1787022730321,0.01172,175116.0,0.01173,120924.0,0.011725,8.528784648188767,0.1830563437373328
1787022730322,0.01172,175116.0,0.01173,121443.0,0.011725,8.528784648188767,0.18098590836899234
1787022730338,0.01172,175116.0,0.01173,120920.0,0.011725,8.528784648188767,0.18307232904106258
1787022730341,0.01172,175116.0,0.01173,120401.0,0.011725,8.528784648188767,0.1851500928880572
1787022730349,0.01172,175756.0,0.01173,120401.0,0.011725,8.528784648188767,0.18691099653224472
1787022730350,0.01172,175756.0,0.01173,222195.0,0.011725,8.528784648188767,-0.11669527152840425
1787022730353,0.01172,175756.0,0.01173,232195.0,0.011725,8.528784648188767,-0.13834749761613527
1787022730361,0.01172,175756.0,0.01173,201251.0,0.011725,8.528784648188767,-0.06762473906320042
1787022730366,0.01172,175756.0,0.01173,131039.0,0.011725,8.528784648188767,0.1457553089196369
1787022730367,0.01172,214835.0,0.01173,184611.0,0.011725,8.528784648188767,0.07566479574210282
1787022730378,0.01172,214835.0,0.01173,162178.0,0.011725,8.528784648188767,0.13966892388326133
1787022730399,0.01172,103124.0,0.01173,263438.0,0.011725,8.528784648188767,-0.43734484207310087
1787022730400,0.01172,103124.0,0.01173,265112.0,0.011725,8.528784648188767,-0.4399026711130905
1787022730401,0.01172,49552.0,0.01173,265112.0,0.011725,8.528784648188767,-0.685048178374393
1787022730402,0.01172,39719.0,0.01173,265112.0,0.011725,8.528784648188767,-0.739403144693289
1787022730409,0.01172,40219.0,0.01173,265112.0,0.011725,8.528784648188767,-0.7365547553310997
1787022730506,0.01172,41627.0,0.01173,266520.0,0.011725,8.528784648188767,-0.7298237529490795
1787022730508,0.01172,41627.0,0.01173,416559.0,0.011725,8.528784648188767,-0.8182964996748046
1787022730651,0.01172,2548.0,0.01173,416559.0,0.011725,8.528784648188767,-0.9878408139210273
1787022730653,0.01172,5109.0,0.01173,416559.0,0.011725,8.528784648188767,-0.9757676655567887
1787022730654,0.01172,3701.0,0.01173,416559.0,0.011725,8.528784648188767,-0.9823870937038975
1787022730655,0.01172,3701.0,0.01173,416559.0,0.011725,8.528784648188767,-0.9823870937038975
1787022730656,0.01172,11216.0,0.01173,416559.0,0.011725,8.528784648188767,-0.9475612179299866
1787022730657,0.01172,13777.0,0.01173,416559.0,0.011725,8.528784648188767,-0.9359709622248662
1787022730658,0.01172,6262.0,0.01173,416559.0,0.011725,8.528784648188767,-0.9703799007144868
1787022730780,0.01172,7670.0,0.01173,416559.0,0.011725,8.528784648188767,-0.9638402843747127
1787022730832,0.01172,4219.0,0.01173,416559.0,0.011725,8.528784648188767,-0.9799466702156482
1787022730834,0.01172,10326.0,0.01173,616559.0,0.011725,8.528784648188767,-0.9670561586255852
1787022730835,0.01172,10326.0,0.01173,416559.0,0.011725,8.528784648188767,-0.9516216311184511
1787022730836,0.01172,2811.0,0.01173,416559.0,0.011725,8.528784648188767,-0.9865941769797554
1787022730861,0.01172,2811.0,0.01173,418284.0,0.011725,8.528784648188767,-0.9866490934349731
1787022730889,0.01172,3451.0,0.01173,418284.0,0.011725,8.528784648188767,-0.9836342727067946
1787022730891,0.01172,10966.0,0.01173,418284.0,0.011725,8.528784648188767,-0.9489062317996505
1787022730893,0.01172,3451.0,0.01173,418284.0,0.011725,8.528784648188767,-0.9836342727067946
1787022731025,0.01172,3451.0,0.01173,668284.0,0.011725,8.528784648188767,-0.9897251148146219
1787022731026,0.01172,10966.0,0.01173,568284.0,0.011725,8.528784648188767,-0.9621372464393613
1787022731028,0.01172,3451.0,0.01173,568284.0,0.011725,8.528784648188767,-0.9879279736241441
1787022731129,0.01172,3451.0,0.01173,630345.0,0.011725,8.528784648188767,-0.9891100606504301
1787022731131,0.01172,10966.0,0.01173,630345.0,0.011725,8.528784648188767,-0.9658013038915596
1787022731133,0.01172,3451.0,0.01173,630345.0,0.011725,8.528784648188767,-0.9891100606504301
1787022731303,0.01172,3451.0,0.01173,637088.0,0.011725,8.528784648188767,-0.9892246998231177
1787022731304,0.01172,3451.0,0.01173,635680.0,0.011725,8.528784648188767,-0.9892009619311221
1787022731305,0.01172,3451.0,0.01173,637088.0,0.011725,8.528784648188767,-0.9892246998231177
1787022731306,0.01172,10966.0,0.01173,637088.0,0.011725,8.528784648188767,-0.9661571412258855
1787022731307,0.01172,3451.0,0.01173,637088.0,0.011725,8.528784648188767,-0.9892246998231177
1787022731499,0.01172,3451.0,0.01173,630345.0,0.011725,8.528784648188767,-0.9891100606504301
1787022731798,0.01172,3451.0,0.01173,637088.0,0.011725,8.528784648188767,-0.9892246998231177
1787022731800,0.01172,10966.0,0.01173,637088.0,0.011725,8.528784648188767,-0.9661571412258855
1787022731801,0.01172,3451.0,0.01173,637088.0,0.011725,8.528784648188767,-0.9892246998231177
1787022731830,0.01172,17.0,0.01173,637088.0,0.011725,8.528784648188767,-0.9999466336004269
1787022731921,0.01172,17.0,0.01173,638052.0,0.011725,8.528784648188767,-0.9999467142268312
1787022731923,0.01172,7532.0,0.01173,638052.0,0.011725,8.528784648188767,-0.9766660883788941
1787022731925,0.01172,5139.0,0.01173,638052.0,0.011725,8.528784648188767,-0.9840202987914943
1787022731931,0.01171,649799.0,0.01172,57671.0,0.011715,8.536064874092695,0.836965525039931
1787022731932,0.01171,821264.0,0.01172,88025.0,0.011715,8.536064874092695,0.8063871882316843
1787022731933,0.01171,709484.0,0.01172,68122.0,0.011715,8.536064874092695,0.8247904465757723
1787022731934,0.01171,709484.0,0.01172,243761.0,0.011715,8.536064874092695,0.4885658985885056
1787022731935,0.01171,626587.0,0.01172,242352.0,0.011715,8.536064874092695,0.4421886921866782
1787022731936,0.01171,626587.0,0.01172,233310.0,0.011715,8.536064874092695,0.4573536132815907
1787022732066,0.01171,627996.0,0.01172,234719.0,0.011715,8.536064874092695,0.4558596987417629
1787022732150,0.01171,654389.0,0.01172,234719.0,0.011715,8.536064874092695,0.47201239894366037
1787022732243,0.01171,482494.0,0.01172,340729.0,0.011715,8.536064874092695,0.1722072876972582
1787022732255,0.01171,456101.0,0.01172,340729.0,0.011715,8.536064874092695,0.14478872532409673
1787022732340,0.01171,378583.0,0.01172,340729.0,0.011715,8.536064874092695,0.05262528638476767
1787022732400,0.01171,378583.0,0.01172,342444.0,0.011715,8.536064874092695,0.050121562715404556
1787022733399,0.01171,378583.0,0.01172,340729.0,0.011715,8.536064874092695,0.05262528638476767
1787022734035,0.01171,372310.0,0.01172,340729.0,0.011715,8.536064874092695,0.044290704996500896
1787022734220,0.01171,500256.0,0.01172,340729.0,0.011715,8.536064874092695,0.18969066035660564
1787022734221,0.01171,500256.0,0.01172,234719.0,0.011715,8.536064874092695,0.3612871186094765
1787022734524,0.01171,526483.0,0.01172,234719.0,0.011715,8.536064874092695,0.383293790610114
1787022734981,0.01171,626483.0,0.01172,234719.0,0.011715,8.536064874092695,0.4549037275807534
1787022734983,0.01171,760838.0,0.01173,1161960.0,0.011720000000000001,17.064846416383034,-0.20861369733066085
1787022734984,0.01172,152038.0,0.01173,796947.0,0.011725,8.528784648188767,-0.6795776540198212
1787022734985,0.01172,152038.0,0.01173,686914.0,0.011725,8.528784648188767,-0.6375525655818212
1787022734986,0.01172,152038.0,0.01173,426662.0,0.011725,8.528784648188767,-0.4745533091411785
1787022734987,0.01172,317052.0,0.01173,428070.0,0.011725,8.528784648188767,-0.14899305080241892
1787022734988,0.01172,511081.0,0.01173,445120.0,0.011725,8.528784648188767,0.06898235831169389
1787022735001,0.01172,511594.0,0.01173,445120.0,0.011725,8.528784648188767,0.06948157965703439
1787022735089,0.01172,513002.0,0.01173,445120.0,0.011725,8.528784648188767,0.07084901505236285
1787022735234,0.01172,513559.0,0.01173,445120.0,0.011725,8.528784648188767,0.07138885904458114
1787022735265,0.01172,520391.0,0.01173,445120.0,0.011725,8.528784648188767,0.07795975395412377
1787022735295,0.01172,520391.0,0.01173,446120.0,0.011725,8.528784648188767,0.07684444357074052
1787022735322,0.01172,521677.0,0.01173,446120.0,0.011725,8.528784648188767,0.07807112441968718
1787022735832,0.01172,521677.0,0.01173,449645.0,0.011725,8.528784648188767,0.07415872388353192
1787022735862,0.01172,521677.0,0.01173,447920.0,0.011725,8.528784648188767,0.0760697485656412
1787022735920,0.01172,521677.0,0.01173,446956.0,0.011725,8.528784648188767,0.07714067144109275
1787022736401,0.01172,521677.0,0.01173,448093.0,0.011725,8.528784648188767,0.07587778545428298
1787022737104,0.01172,520391.0,0.01173,448093.0,0.011725,8.528784648188767,0.07465069118333395
1787022737108,0.01172,521676.0,0.01173,448093.0,0.011725,8.528784648188767,0.07587683252403407
1787022737398,0.01172,521676.0,0.01173,446956.0,0.011725,8.528784648188767,0.07713971869605794
1787022738334,0.01172,521676.0,0.01173,447383.0,0.011725,8.528784648188767,0.07666509469495665
1787022738342,0.01172,521676.0,0.01173,457379.0,0.011725,8.528784648188767,0.06567251073739473
1787022739260,0.01172,521676.0,0.01173,464159.0,0.011725,8.528784648188767,0.058343434753280216
1787022739343,0.01172,522124.0,0.01173,464159.0,0.011725,8.528784648188767,0.058771164057375015
1787022739399,0.01172,522124.0,0.01173,465886.0,0.011725,8.528784648188767,0.056920476513395615
1787022739797,0.01172,522976.0,0.01173,465886.0,0.011725,8.528784648188767,0.05773303049363814
1787022739833,0.01172,522976.0,0.01173,462361.0,0.011725,8.528784648188767,0.061517024124741075
1787022740399,0.01172,522976.0,0.01173,460634.0,0.011725,8.528784648188767,0.06338081150049309
1787022740990,0.01172,522976.0,0.01173,407062.0,0.011725,8.528784648188767,0.12463361712102086
1787022741277,0.01172,522976.0,0.01173,412666.0,0.011725,8.528784648188767,0.11789765743735317
1787022741844,0.01172,518426.0,0.01173,412666.0,0.011725,8.528784648188767,0.11358705691811335
1787022742297,0.01172,517574.0,0.01173,412666.0,0.011725,8.528784648188767,0.11277519779841762
1787022742494,0.01172,516289.0,0.01173,412666.0,0.011725,8.528784648188767,0.11154792212755192
1787022742498,0.01172,518150.0,0.01173,412666.0,0.011725,8.528784648188767,0.11332422304730473
1787022742854,0.01172,517564.0,0.01173,412666.0,0.011725,8.528784648188767,0.1127656601055653
1787022743800,0.01172,518416.0,0.01173,412666.0,0.011725,8.528784648188767,0.11357753667238761
1787022744152,0.01172,637990.0,0.01173,311406.0,0.011725,8.528784648188767,0.3439913376504641
1787022744156,0.01172,637990.0,0.01173,282786.0,0.011725,8.528784648188767,0.3857659191812124
1787022744157,0.01172,637990.0,0.01173,94621.0,0.011725,8.528784648188767,0.7416882902386123
1787022744158,0.01172,738084.0,0.01173,94621.0,0.011725,8.528784648188767,0.7727382446364559
1787022744160,0.01172,738084.0,0.01173,90621.0,0.011725,8.528784648188767,0.7812949119409198
1787022744161,0.01172,738084.0,0.01173,89213.0,0.011725,8.528784648188767,0.7843265477815101
1787022744163,0.01172,738084.0,0.01173,85873.0,0.011725,8.528784648188767,0.791559510993899
1787022744167,0.01172,738084.0,0.01173,77383.0,0.011725,8.528784648188767,0.8102118172777071
1787022744212,0.01172,738084.0,0.01173,78791.0,0.011725,8.528784648188767,0.8070916602907422
1787022744296,0.01172,737232.0,0.01173,78791.0,0.011725,8.528784648188767,0.8068902469660781
1787022745040,0.01172,738921.0,0.01173,78791.0,0.011725,8.528784648188767,0.8072891189073904
1787022745550,0.01172,742859.0,0.01173,78791.0,0.011725,8.528784648188767,0.8082127426519807
1787022746040,0.01172,741170.0,0.01173,78791.0,0.011725,8.528784648188767,0.8078176888900813
1787022746276,0.01172,751170.0,0.01173,78791.0,0.011725,8.528784648188767,0.8101332472248696
1787022746385,0.01172,759240.0,0.01173,78791.0,0.011725,8.528784648188767,0.8119616100120401
1787022746796,0.01172,760092.0,0.01173,78791.0,0.011725,8.528784648188767,0.8121525886208207
1787022747023,0.01172,758231.0,0.01173,78791.0,0.011725,8.528784648188767,0.8117349364771774
1787022747037,0.01172,759232.0,0.01173,78791.0,0.011725,8.528784648188767,0.8119598149454131
1787022747041,0.01172,759232.0,0.01173,81052.0,0.011725,8.528784648188767,0.8070842715082044
1787022747259,0.01172,759232.0,0.01173,80532.0,0.011725,8.528784648188767,0.8082032571055677
1787022747295,0.01172,759232.0,0.01173,81532.0,0.011725,8.528784648188767,0.8060525902631416
1787022747297,0.01172,758380.0,0.01173,81532.0,0.011725,8.528784648188767,0.8058558515654021
1787022747732,0.01172,758380.0,0.01173,48803.0,0.011725,8.528784648188767,0.879078226374936
1787022747738,0.01172,765950.0,0.01173,48803.0,0.011725,8.528784648188767,0.8802017298494145
1787022748786,0.01173,4769.0,0.01174,1253751.0,0.011735,8.521516829995392,-0.9924212567142358
1787022748788,0.01173,60830.0,0.01174,849029.0,0.011735,8.521516829995392,-0.8662869741355529
1787022748789,0.01173,60830.0,0.01174,766110.0,0.011735,8.521516829995392,-0.8528792899122064
1787022748791,0.01173,60830.0,0.01174,705628.0,0.011735,8.521516829995392,-0.8412698412698413
1787022748792,0.01173,60830.0,0.01174,705109.0,0.011735,8.521516829995392,-0.8411622857694934
1787022748794,0.01173,60830.0,0.01174,704609.0,0.011735,8.521516829995392,-0.8410585298109974
1787022748795,0.01173,60830.0,0.01174,704148.0,0.011735,8.521516829995392,-0.8409627466410798
1787022748799,0.01173,63556.0,0.01174,640716.0,0.011735,8.521516829995392,-0.8195129154644797
1787022748802,0.01173,63556.0,0.01174,640203.0,0.011735,8.521516829995392,-0.8193813507180725
1787022748810,0.01173,63556.0,0.01174,506941.0,0.011735,8.521516829995392,-0.7771907652450407
1787022748812,0.01173,63556.0,0.01174,435378.0,0.011735,8.521516829995392,-0.7452328364072202
1787022748814,0.01173,63556.0,0.01174,386420.0,0.011735,8.521516829995392,-0.7175138229594468
1787022748824,0.01173,63556.0,0.01174,369418.0,0.011735,8.521516829995392,-0.7064211707862366
1787022748831,0.01173,160216.0,0.01174,369418.0,0.011735,8.521516829995392,-0.3949935238296635
1787022748840,0.01173,60216.0,0.01174,369418.0,0.011735,8.521516829995392,-0.71968698939097
1787022748842,0.01173,60216.0,0.01174,374786.0,0.011735,8.521516829995392,-0.723146100477699
1787022748854,0.01173,67042.0,0.01174,374786.0,0.011735,8.521516829995392,-0.6965244393745983
1787022748862,0.01173,67042.0,0.01174,314400.0,0.011735,8.521516829995392,-0.6484812894227694
1787022748895,0.01173,68449.0,0.01174,315807.0,0.011735,8.521516829995392,-0.6437323034643571
1787022749002,0.01173,227959.0,0.01174,448673.0,0.011735,8.521516829995392,-0.32619503659300775
1787022749003,0.01173,227959.0,0.01174,448673.0,0.011735,8.521516829995392,-0.32619503659300775
1787022749091,0.01173,353050.0,0.01174,421736.0,0.011735,8.521516829995392,-0.08865157604809586
1787022749124,0.01173,353050.0,0.01174,420578.0,0.011735,8.521516829995392,-0.08728743013437983
1787022749190,0.01173,353050.0,0.01174,398708.0,0.011735,8.521516829995392,-0.06073497056233522
1787022749830,0.01173,353050.0,0.01174,402042.0,0.011735,8.521516829995392,-0.06488216005466883
1787022749910,0.01173,353050.0,0.01174,407069.0,0.011735,8.521516829995392,-0.07106650406054842
1787022750400,0.01173,353050.0,0.01174,408731.0,0.011735,8.521516829995392,-0.07309318557433173
1787022750796,0.01173,353902.0,0.01174,408731.0,0.011735,8.521516829995392,-0.0718943449863827
1787022751295,0.01173,353050.0,0.01174,408731.0,0.011735,8.521516829995392,-0.07309318557433173
1787022751820,0.01173,353050.0,0.01174,408219.0,0.011735,8.521516829995392,-0.072469784005391
1787022752207,0.01173,325687.0,0.01174,408219.0,0.011735,8.521516829995392,-0.1124558185925718
1787022752208,0.01173,200596.0,0.01174,408219.0,0.011735,8.521516829995392,-0.3410280627119897
1787022752210,0.01173,199189.0,0.01174,408219.0,0.011735,8.521516829995392,-0.3441344203566631
1787022752211,0.01173,200596.0,0.01174,408219.0,0.011735,8.521516829995392,-0.3410280627119897
1787022752298,0.01173,201448.0,0.01174,408219.0,0.011735,8.521516829995392,-0.33915399718206823
1787022752347,0.01173,201448.0,0.01174,470280.0,0.011735,8.521516829995392,-0.4002096086511207
1787022752438,0.01173,201448.0,0.01174,408219.0,0.011735,8.521516829995392,-0.33915399718206823
1787022752439,0.01173,201448.0,0.01174,406812.0,0.011735,8.521516829995392,-0.3376253575773518
1787022752540,0.01173,201448.0,0.01174,408219.0,0.011735,8.521516829995392,-0.33915399718206823
1787022752780,0.01173,451448.0,0.01174,408219.0,0.011735,8.521516829995392,0.050285750180011565
1787022752781,0.01173,513509.0,0.01174,408219.0,0.011735,8.521516829995392,0.1142310963755034
1787022753130,0.01173,413509.0,0.01174,408219.0,0.011735,8.521516829995392,0.0064376533354102575
1787022753298,0.01173,412657.0,0.01174,408219.0,0.011735,8.521516829995392,0.005406419483576082
1787022754303,0.01173,412657.0,0.01174,409071.0,0.011735,8.521516829995392,0.004363974453833872
1787022754314,0.01173,412657.0,0.01174,399075.0,0.011735,8.521516829995392,0.01673212341018957
1787022754384,0.01173,262657.0,0.01174,399075.0,0.011735,8.521516829995392,-0.20615294409217025
1787022754467,0.01173,200596.0,0.01174,399075.0,0.011735,8.521516829995392,-0.3309798206016299
1787022754565,0.01173,200596.0,0.01174,461136.0,0.011735,8.521516829995392,-0.3937243476210913
1787022754798,0.01173,200596.0,0.01174,460284.0,0.011735,8.521516829995392,-0.3929427430093209
1787022754923,0.01173,200596.0,0.01174,460933.0,0.011735,8.521516829995392,-0.3935383029315419
1787022755093,0.01173,41086.0,0.01174,460933.0,0.011735,8.521516829995392,-0.8363169521472295
1787022755094,0.01173,39679.0,0.01174,573053.0,0.011735,8.521516829995392,-0.870484975486836
1787022755095,0.01173,41086.0,0.01174,573053.0,0.011735,8.521516829995392,-0.8661996714098925
1787022755162,0.01173,25329.0,0.01174,573053.0,0.011735,8.521516829995392,-0.91534170479727
1787022755163,0.01173,35397.0,0.01174,573053.0,0.011735,8.521516829995392,-0.8836486153340455
1787022755164,0.01173,23586.0,0.01174,573053.0,0.011735,8.521516829995392,-0.9209371160785668
1787022755165,0.01173,14670.0,0.01174,573053.0,0.011735,8.521516829995392,-0.9500785233860168
1787022755166,0.01173,7844.0,0.01174,573053.0,0.011735,8.521516829995392,-0.972993491100832
1787022755216,0.01173,9251.0,0.01174,573053.0,0.011735,8.521516829995392,-0.9682262186074627
1787022755218,0.01173,16760.0,0.01174,573053.0,0.011735,8.521516829995392,-0.9431684279593702
1787022755219,0.01173,9251.0,0.01174,573053.0,0.011735,8.521516829995392,-0.9682262186074627
1787022755221,0.01173,7844.0,0.01174,573053.0,0.011735,8.521516829995392,-0.972993491100832
1787022755231,0.01173,2726.0,0.01174,573053.0,0.011735,8.521516829995392,-0.9905310891852603
1787022755233,0.01173,5957.0,0.01174,573053.0,0.011735,8.521516829995392,-0.9794234987305919
1787022755234,0.01172,661944.0,0.01174,573053.0,0.01173,17.050298380222436,0.07197669306079287
1787022755235,0.01172,661944.0,0.01173,125569.0,0.011725,8.528784648188767,0.6810998675577419
1787022755236,0.01172,749839.0,0.01173,18672.0,0.011725,8.528784648188767,0.951407331840403
1787022755238,0.01172,753228.0,0.01173,18672.0,0.011725,8.528784648188767,0.9516206762534007
1787022755241,0.01172,755299.0,0.01173,18672.0,0.011725,8.528784648188767,0.9517501301728359
1787022755242,0.01172,754646.0,0.01173,18672.0,0.011725,8.528784648188767,0.9517093873413007
1787022755243,0.01172,754646.0,0.01173,23205.0,0.011725,8.528784648188767,0.9403356169754876
1787022755246,0.01172,705420.0,0.01173,23205.0,0.011725,8.528784648188767,0.936304683479156
1787022755270,0.01172,712984.0,0.01173,23205.0,0.011725,8.528784648188767,0.9369591232686172
1787022755286,0.01172,712984.0,0.01173,24613.0,0.011725,8.528784648188767,0.9332616591444922
1787022755301,0.01172,863899.0,0.01173,24613.0,0.011725,8.528784648188767,0.9445972592379169
1787022755333,0.01172,865307.0,0.01173,24613.0,0.011725,8.528784648188767,0.9446849154980222
1787022755338,0.01172,865307.0,0.01173,15050.0,0.011725,8.528784648188767,0.9658093250806207
1787022755339,0.01172,865307.0,0.01173,9914.0,0.011725,8.528784648188767,0.977345150539121
1787022755340,0.01172,865307.0,0.01173,5941.0,0.011725,8.528784648188767,0.986362092079408
1787022755401,0.01172,863682.0,0.01173,5941.0,0.011725,8.528784648188767,0.9863366079324029
1787022755441,0.01172,889909.0,0.01173,5941.0,0.011725,8.528784648188767,0.9867366188536028
1787022755803,0.01172,889396.0,0.01173,5941.0,0.011725,8.528784648188767,0.9867290193524896
1787022756038,0.01172,890170.0,0.01173,5941.0,0.011725,8.528784648188767,0.9867404819269041
1787022756097,0.01172,889636.0,0.01173,5941.0,0.011725,8.528784648188767,0.9867325757584217
1787022756217,0.01172,850557.0,0.01173,5941.0,0.011725,8.528784648188767,0.9861272297191587
1787022756538,0.01172,850557.0,0.01173,6410.0,0.011725,8.528784648188767,0.9850402640941833
1787022756922,0.01172,850557.0,0.01173,17530.0,0.011725,8.528784648188767,0.9596123430024871
1787022756923,0.01172,850557.0,0.01173,16122.0,0.011725,8.528784648188767,0.9627959140581461
1787022756924,0.01172,850557.0,0.01173,180582.0,0.011725,8.528784648188767,0.6497426632102946
1787022756925,0.01172,850557.0,0.01173,179174.0,0.011725,8.528784648188767,0.6519984345426135
1787022756947,0.01172,850047.0,0.01173,179174.0,0.011725,8.528784648188767,0.6518259926682414
1787022757037,0.01172,849273.0,0.01173,179174.0,0.011725,8.528784648188767,0.6515639600290535
1787022757038,0.01172,849273.0,0.01173,180582.0,0.011725,8.528784648188767,0.6493059702579489
1787022759438,0.01172,674868.0,0.01173,180582.0,0.011725,8.528784648188767,0.5778081711379975
1787022759440,0.01172,625910.0,0.01173,180582.0,0.011725,8.528784648188767,0.552179066872331
1787022759441,0.01172,563849.0,0.01173,180582.0,0.011725,8.528784648188767,0.5148455666139642
1787022759442,0.01172,460104.0,0.01173,180582.0,0.011725,8.528784648188767,0.4362854814995177
1787022759443,0.01172,460104.0,0.01173,284278.0,0.011725,8.528784648188767,0.23620399203634693
1787022759457,0.01172,459652.0,0.01173,284278.0,0.011725,8.528784648188767,0.2357399217668329
1787022759521,0.01172,459200.0,0.01173,284278.0,0.011725,8.528784648188767,0.23527528723109495
1787022759573,0.01172,521261.0,0.01173,284278.0,0.011725,8.528784648188767,0.2941918392529722
1787022760217,0.01172,521261.0,0.01173,284705.0,0.011725,8.528784648188767,0.29350617767995174
1787022761045,0.01172,521261.0,0.01173,288792.0,0.011725,8.528784648188767,0.28697998772919797
1787022761083,0.01172,514988.0,0.01173,288792.0,0.011725,8.528784648188767,0.28141531264773945
1787022761397,0.01172,514988.0,0.01173,288313.0,0.011725,8.528784648188767,0.2821794072209545
1787022761816,0.01172,514988.0,0.01173,271051.0,0.011725,8.528784648188767,0.31033701890109777
1787022761817,0.01172,693176.0,0.01173,167355.0,0.011725,8.528784648188767,0.6110424842335721
1787022761818,0.01172,693176.0,0.01173,165947.0,0.011725,8.528784648188767,0.613682790473541
1787022761819,0.01172,693176.0,0.01173,167355.0,0.011725,8.528784648188767,0.6110424842335721
1787022762295,0.01172,693176.0,0.01173,168355.0,0.011725,8.528784648188767,0.6091725080118997
1787022762296,0.01172,693176.0,0.01173,169207.0,0.011725,8.528784648188767,0.6075827097704848
1787022762595,0.01172,693176.0,0.01173,208110.0,0.011725,8.528784648188767,0.5381932039330468
1787022762798,0.01172,693176.0,0.01173,207258.0,0.011725,8.528784648188767,0.5396486583136576
1787022763203,0.01172,693176.0,0.01173,206182.0,0.011725,8.528784648188767,0.5414907078160198
1787022763297,0.01172,693176.0,0.01173,207034.0,0.011725,8.528784648188767,0.5400317703646926
1787022763795,0.01172,693176.0,0.01173,206182.0,0.011725,8.528784648188767,0.5414907078160198
1787022764562,0.01172,693176.0,0.01173,205743.0,0.011725,8.528784648188767,0.5422435169353412
1787022765295,0.01172,693176.0,0.01173,206595.0,0.011725,8.528784648188767,0.5407831548249499
1787022765931,0.01172,692597.0,0.01173,206595.0,0.011725,8.528784648188767,0.5404874598528456
1787022766299,0.01172,692597.0,0.01173,205743.0,0.011725,8.528784648188767,0.5419484827570853
1787022766559,0.01172,688659.0,0.01173,205743.0,0.011725,8.528784648188767,0.5399317085605801
1787022768297,0.01172,688659.0,0.01173,206595.0,0.011725,8.528784648188767,0.5384661783136406
1787022768799,0.01172,688659.0,0.01173,205743.0,0.011725,8.528784648188767,0.5399317085605801
1787022770155,0.01172,688659.0,0.01173,211123.0,0.011725,8.528784648188767,0.5307241087285587
1787022770296,0.01172,688659.0,0.01173,211975.0,0.011725,8.528784648188767,0.5292760433205942
1787022770361,0.01172,694566.0,0.01173,211975.0,0.011725,8.528784648188767,0.5323432696370048
1787022770369,0.01172,694566.0,0.01173,213830.0,0.011725,8.528784648188767,0.5292141312819519
1787022771223,0.01172,689539.0,0.01173,213830.0,0.011725,8.528784648188767,0.5265943374191498
1787022771399,0.01172,689539.0,0.01173,215319.0,0.011725,8.528784648188767,0.5240822316871818
1787022771932,0.01172,689539.0,0.01173,219583.0,0.011725,8.528784648188767,0.5169339208599066
1787022772181,0.01172,689539.0,0.01173,219081.0,0.011725,8.528784648188767,0.5177720058990557
1787022772431,0.01172,689539.0,0.01173,214817.0,0.011725,8.528784648188767,0.5249282362255572
1787022772862,0.01172,689539.0,0.01173,215650.0,0.011725,8.528784648188767,0.5235249213147751
1787022773830,0.01172,689539.0,0.01173,218596.0,0.011725,8.528784648188767,0.518582589592957
1787022773932,0.01172,689539.0,0.01173,222860.0,0.011725,8.528784648188767,0.5114856548505643
1787022774296,0.01172,689539.0,0.01173,223860.0,0.011725,8.528784648188767,0.5098308625255775
1787022774369,0.01172,682597.0,0.01173,223860.0,0.011725,8.528784648188767,0.5060769567668406
1787022774371,0.01172,504409.0,0.01173,223860.0,0.011725,8.528784648188767,0.38522716194153533
1787022774372,0.01172,503001.0,0.01173,340956.0,0.011725,8.528784648188767,0.19200622780544507
1787022774373,0.01172,496845.0,0.01173,340956.0,0.011725,8.528784648188767,0.18606924556069998
1787022774374,0.01172,434784.0,0.01173,340956.0,0.011725,8.528784648188767,0.12095289658906334
1787022774431,0.01172,434784.0,0.01173,336692.0,0.011725,8.528784648188767,0.12714847901943807
1787022774737,0.01172,496845.0,0.01173,336692.0,0.011725,8.528784648188767,0.1921366418047429
1787022774797,0.01172,496845.0,0.01173,335840.0,0.011725,8.528784648188767,0.19335643130355418
1787022775452,0.01172,496334.0,0.01173,335840.0,0.011725,8.528784648188767,0.19286110837396986
1787022776831,0.01172,496334.0,0.01173,332894.0,0.011725,8.528784648188767,0.19709898845673324
1787022777798,0.01172,496334.0,0.01173,333746.0,0.011725,8.528784648188767,0.19587027756360834
1787022777833,0.01172,496334.0,0.01173,336631.0,0.011725,8.528784648188767,0.1917283439280162
1787022777904,0.01172,496334.0,0.01173,335546.0,0.011725,8.528784648188767,0.19328268500264462
1787022779833,0.01172,496334.0,0.01173,332661.0,0.011725,8.528784648188767,0.19743544894721923
1787022779924,0.01172,496334.0,0.01173,315545.0,0.011725,8.528784648188767,0.22267973429538146
1787022780038,0.01172,674063.0,0.01173,198449.0,0.011725,8.528784648188767,0.5451088351793443
1787022780042,0.01172,674063.0,0.01173,57234.0,0.011725,8.528784648188767,0.8434726246654916
1787022780043,0.01172,681633.0,0.01173,57234.0,0.011725,8.528784648188767,0.8450763127870103
1787022780683,0.01172,681633.0,0.01173,61711.0,0.011725,8.528784648188767,0.8339638175595686
1787022780798,0.01172,682485.0,0.01173,60859.0,0.011725,8.528784648188767,0.8362561613465637
1787022780862,0.01172,682485.0,0.01173,60026.0,0.011725,8.528784648188767,0.8383162000293598
1787022781037,0.01172,683908.0,0.01173,60026.0,0.011725,8.528784648188767,0.838625469463689
1787022781295,0.01172,683056.0,0.01173,60026.0,0.011725,8.528784648188767,0.838440441297192
1787022782665,0.01172,682415.0,0.01173,60026.0,0.011725,8.528784648188767,0.838300955900873
1787022782797,0.01172,683267.0,0.01173,60026.0,0.011725,8.528784648188767,0.8384863035169173
1787022783298,0.01172,682415.0,0.01173,60026.0,0.011725,8.528784648188767,0.838300955900873
1787022783340,0.01172,681600.0,0.01173,60026.0,0.011725,8.528784648188767,0.8381232588932966
1787022783756,0.01172,680837.0,0.01173,60026.0,0.011725,8.528784648188767,0.8379565452722029
